{
  "populations": [
    "CAU"
  ],
  "freq_trim_threshold": 1e-5,
 "priority": {
   "alpha": 0.4999999,
    "eta": 0,
    "beta": 1e-7,
    "gamma": 1e-7,
    "delta": 0.4999999
  },
  "UNK_priors": "SR",
  "FULL_LOCI": "ABCQR",
   "loci_map": {
    "A": 1,
    "B": 2,
    "C": 3,
    "DQB1": 4,
    "DRB1": 5
  },

  "factor_missing_data": 0.0001,
  "Plan_B_Matrix": [
                [[1, 2, 3, 4, 5]],
                [[1, 2, 3], [4, 5]],
                [[1], [2, 3], [4, 5]],
                [[1, 2, 3], [4], [5]],
                [[1], [2, 3], [4], [5]],
                [[1], [2], [3], [4], [5]]
            ],
  "planb": true,
  "number_of_options_threshold": 100000,
  "epsilon": 1e-3,
  "number_of_results": 10,
  "number_of_pop_results": 100,
  "output_MUUG": true,
  "output_haplotypes": true,
  "freq_data_dir": "data/freqs" ,
  "freq_file": "output/hpf.csv" ,
  "graph_files_path": "output/csv/" ,
  "node_csv_file": "nodes.csv",
  "edges_csv_file": "edges.csv",
  "info_node_csv_file": "info_node.csv",
  "top_links_csv_file": "top_links.csv",
  "imputation_in_file": "data/subjects/donor.csv",
  "imputation_out_umug_freq_filename": "don.umug",
  "imputation_out_umug_pops_filename": "don.umug.pops",
  "imputation_out_hap_freq_filename": "don.pmug",
  "imputation_out_hap_pops_filename": "don.pmug.pops",
  "imputation_out_miss_filename": "don.miss",
  "imputation_out_problem_filename": "don.problem",
  "max_haplotypes_number_in_phase": 100,
  "imputation_out_path": "output",
  "pops_count_file": "output/pop_counts_file.txt"
}
